{"version": "1", "message": "ERROR: Hidden Testcases server unreachable.", "problem_id": "ads2_m2_a1_1", "user_id": "venkateshmorishetty", "score": {"sample": {"0": {"execution_time": 0.3120424747467041, "passed": true}, "1": {"execution_time": 0.2810640335083008, "passed": true}, "2": {"execution_time": 0.24408745765686035, "passed": true}, "3": {"execution_time": 0.3235476016998291, "passed": true}, "4": {"execution_time": 0.2904796600341797, "passed": true}, "5": {"execution_time": 0.22238492965698242, "passed": true}, "6": {"execution_time": 0.2531929016113281, "passed": true}, "7": {"execution_time": 0.31261229515075684, "passed": true}, "8": {"execution_time": 0.32700014114379883, "passed": true}, "9": {"execution_time": 0.23491907119750977, "passed": true}, "10": {"execution_time": 0.28461456298828125, "passed": true}, "11": {"execution_time": 0.33188295364379883, "passed": true}, "12": {"execution_time": 0.2849302291870117, "passed": true}, "13": {"execution_time": 0.2240583896636963, "passed": true}, "14": {"execution_time": 0.2282567024230957, "passed": true}, "15": {"execution_time": 0.32990121841430664, "passed": true}, "16": {"execution_time": 0.36923909187316895, "passed": true}, "17": {"execution_time": 0.39130544662475586, "passed": true}, "18": {"execution_time": 0.38353681564331055, "passed": true}, "19": {"execution_time": 0.3485298156738281, "passed": true}, "20": {"execution_time": 0.4601593017578125, "passed": true}, "21": {"execution_time": 0.3412473201751709, "passed": true}, "22": {"execution_time": 0.36371612548828125, "passed": true}, "23": {"execution_time": 0.46460556983947754, "passed": true}}}, "check_style_score": "1/1"}