{"version": "1", "message": "ERROR: Hidden Testcases server unreachable.", "problem_id": "ads2_m2_a1_1", "user_id": "venkateshmorishetty", "score": {"sample": {"0": {"execution_time": 0.21642184257507324, "passed": true}, "1": {"execution_time": 0.14499926567077637, "passed": true}, "2": {"execution_time": 0.1457197666168213, "passed": true}, "3": {"execution_time": 0.14211630821228027, "passed": true}, "4": {"execution_time": 0.15957236289978027, "passed": true}, "5": {"execution_time": 0.19445514678955078, "passed": true}, "6": {"execution_time": 0.19822978973388672, "passed": true}, "7": {"execution_time": 0.20244431495666504, "passed": true}, "8": {"execution_time": 0.15065407752990723, "passed": true}, "9": {"execution_time": 0.1395580768585205, "passed": true}, "10": {"execution_time": 0.1886608600616455, "passed": true}, "11": {"execution_time": 0.1462554931640625, "passed": true}, "12": {"execution_time": 0.14968419075012207, "passed": true}, "13": {"execution_time": 0.20616745948791504, "passed": true}, "14": {"execution_time": 0.15152931213378906, "passed": true}, "15": {"execution_time": 0.21424245834350586, "passed": true}, "16": {"execution_time": 0.16033673286437988, "passed": true}, "17": {"execution_time": 0.22666621208190918, "passed": true}, "18": {"execution_time": 0.21950387954711914, "passed": true}, "19": {"execution_time": 0.2342512607574463, "passed": true}, "20": {"execution_time": 0.23619461059570312, "passed": true}, "21": {"execution_time": 0.20244812965393066, "passed": true}, "22": {"execution_time": 0.2839374542236328, "passed": true}, "23": {"execution_time": 0.31268858909606934, "passed": true}}}, "check_style_score": "1/1"}