{"version": "1", "message": "ERROR: Hidden Testcases server unreachable.", "problem_id": "ads2_m2_a1_1", "user_id": "venkateshmorishetty", "score": {"sample": {"0": {"execution_time": 0.44838762283325195, "passed": true}, "1": {"execution_time": 0.22954535484313965, "passed": true}, "2": {"execution_time": 0.4287879467010498, "passed": true}, "3": {"execution_time": 0.39497876167297363, "passed": true}, "4": {"execution_time": 0.3882293701171875, "passed": true}, "5": {"execution_time": 0.35518312454223633, "passed": true}, "6": {"execution_time": 0.3591890335083008, "passed": true}, "7": {"execution_time": 0.36475586891174316, "passed": true}, "8": {"execution_time": 0.3462347984313965, "passed": true}, "9": {"execution_time": 0.3307790756225586, "passed": true}, "10": {"execution_time": 0.33657312393188477, "passed": true}, "11": {"execution_time": 0.3190467357635498, "passed": true}, "12": {"execution_time": 0.3417012691497803, "passed": true}, "13": {"execution_time": 0.3227732181549072, "passed": true}, "14": {"execution_time": 0.320864200592041, "passed": true}, "15": {"execution_time": 0.3423478603363037, "passed": true}, "16": {"execution_time": 0.4204258918762207, "passed": true}, "17": {"execution_time": 0.4549562931060791, "passed": true}, "18": {"execution_time": 0.40282320976257324, "passed": true}, "19": {"execution_time": 0.40679097175598145, "passed": true}, "20": {"execution_time": 0.5357019901275635, "passed": true}, "21": {"execution_time": 0.3746955394744873, "passed": true}, "22": {"execution_time": 0.7022602558135986, "passed": true}, "23": {"execution_time": 0.44847583770751953, "passed": true}}}, "check_style_score": "1/1"}