{"version": "1", "message": "ERROR: Hidden Testcases server unreachable.", "problem_id": "ads2_m2_a1_1", "user_id": "venkateshmorishetty", "score": {"sample": {"0": {"execution_time": 0.22145533561706543, "passed": true}, "1": {"execution_time": 0.349623441696167, "passed": true}, "2": {"execution_time": 0.307081937789917, "passed": true}, "3": {"execution_time": 0.25423121452331543, "passed": true}, "4": {"execution_time": 0.23482537269592285, "passed": true}, "5": {"execution_time": 0.17691922187805176, "passed": true}, "6": {"execution_time": 0.3047363758087158, "passed": true}, "7": {"execution_time": 0.30391454696655273, "passed": true}, "8": {"execution_time": 0.3220183849334717, "passed": true}, "9": {"execution_time": 0.32932448387145996, "passed": true}, "10": {"execution_time": 0.21380019187927246, "passed": true}, "11": {"execution_time": 0.45469188690185547, "passed": true}, "12": {"execution_time": 0.3355143070220947, "passed": true}, "13": {"execution_time": 0.23877167701721191, "passed": true}, "14": {"execution_time": 0.3474411964416504, "passed": true}, "15": {"execution_time": 0.20657706260681152, "passed": true}, "16": {"execution_time": 0.3548119068145752, "passed": true}, "17": {"execution_time": 0.4089820384979248, "passed": true}, "18": {"execution_time": 0.38651442527770996, "passed": true}, "19": {"execution_time": 0.4122123718261719, "passed": true}, "20": {"execution_time": 0.4274587631225586, "passed": true}, "21": {"execution_time": 0.3571434020996094, "passed": true}, "22": {"execution_time": 0.545285701751709, "passed": true}, "23": {"execution_time": 0.6631016731262207, "passed": true}}}, "check_style_score": "1/1"}