{"version": "1", "message": "ERROR: Hidden Testcases server unreachable.", "problem_id": "ads2_m4_a1_1", "user_id": "venkateshmorishetty", "score": {"sample": {"0": {"execution_time": 0.2158524990081787, "passed": true}, "1": {"execution_time": 0.21046113967895508, "passed": true}, "2": {"execution_time": 0.2782554626464844, "passed": true}, "3": {"execution_time": 0.21520018577575684, "passed": true}, "4": {"execution_time": 0.18821501731872559, "passed": true}, "5": {"execution_time": 0.22687005996704102, "passed": true}, "6": {"execution_time": 0.3884603977203369, "passed": true}, "7": {"execution_time": 0.19120573997497559, "passed": true}, "8": {"execution_time": 0.20458173751831055, "passed": true}, "9": {"execution_time": 0.1581590175628662, "passed": true}, "10": {"execution_time": 0.1601707935333252, "passed": true}, "11": {"execution_time": 0.18641400337219238, "passed": true}, "12": {"execution_time": 0.15941357612609863, "passed": true}, "13": {"execution_time": 0.8967130184173584, "passed": true}, "14": {"execution_time": 0.2124333381652832, "passed": true}}}, "check_style_score": "0/1"}