{"version": "1", "message": "ERROR: Hidden Testcases server unreachable.", "problem_id": "ads2_m4_a1_1", "user_id": "venkateshmorishetty", "score": {"sample": {"0": {"execution_time": 0.23186993598937988, "passed": true}, "1": {"execution_time": 0.21692419052124023, "passed": true}, "2": {"execution_time": 0.2616863250732422, "passed": true}, "3": {"execution_time": 0.22801852226257324, "passed": true}, "4": {"execution_time": 0.2398536205291748, "passed": true}, "5": {"execution_time": 0.21278667449951172, "passed": true}, "6": {"execution_time": 0.22935819625854492, "passed": true}, "7": {"execution_time": 0.21361947059631348, "passed": true}, "8": {"execution_time": 0.22273874282836914, "passed": true}, "9": {"execution_time": 0.14825153350830078, "passed": true}, "10": {"execution_time": 0.21314001083374023, "passed": true}, "11": {"execution_time": 0.1995868682861328, "passed": true}, "12": {"execution_time": 0.20060229301452637, "passed": true}, "13": {"execution_time": 0.957324743270874, "passed": true}, "14": {"execution_time": 0.19970345497131348, "passed": true}}}, "check_style_score": "0/1"}