{"version": "1", "message": "ERROR: Hidden Testcases server unreachable.", "problem_id": "ads2_m4_a1_1", "user_id": "venkateshmorishetty", "score": {"sample": {"0": {"execution_time": 0.2796909809112549, "passed": true}, "1": {"execution_time": 0.266559362411499, "passed": true}, "2": {"execution_time": 0.22876930236816406, "passed": true}, "3": {"execution_time": 0.29293370246887207, "passed": true}, "4": {"execution_time": 0.244950532913208, "passed": true}, "5": {"execution_time": 0.23135685920715332, "passed": true}, "6": {"execution_time": 0.24757933616638184, "passed": true}, "7": {"execution_time": 0.281904935836792, "passed": true}, "8": {"execution_time": 0.20128607749938965, "passed": true}, "9": {"execution_time": 0.2304995059967041, "passed": true}, "10": {"execution_time": 0.23412013053894043, "passed": true}, "11": {"execution_time": 0.14070892333984375, "passed": true}, "12": {"execution_time": 0.24315905570983887, "passed": true}, "13": {"execution_time": 0.9580783843994141, "passed": true}, "14": {"execution_time": 0.1916801929473877, "passed": true}}}, "check_style_score": "0/1"}