{"version": "1", "message": "ERROR: Hidden Testcases server unreachable.", "problem_id": "ads2_m4_a1_1", "user_id": "venkateshmorishetty", "score": {"sample": {"0": {"execution_time": 0.26271605491638184, "passed": true}, "1": {"execution_time": 0.23167109489440918, "passed": true}, "2": {"execution_time": 0.2620551586151123, "passed": true}, "3": {"execution_time": 0.227463960647583, "passed": true}, "4": {"execution_time": 0.22870731353759766, "passed": true}, "5": {"execution_time": 0.2629542350769043, "passed": true}, "6": {"execution_time": 0.2303297519683838, "passed": true}, "7": {"execution_time": 0.1842517852783203, "passed": true}, "8": {"execution_time": 0.21087932586669922, "passed": true}, "9": {"execution_time": 0.18996310234069824, "passed": true}, "10": {"execution_time": 0.19945168495178223, "passed": true}, "11": {"execution_time": 0.199232816696167, "passed": true}, "12": {"execution_time": 0.1939563751220703, "passed": true}, "13": {"execution_time": 0.8071484565734863, "passed": true}, "14": {"execution_time": 0.19842100143432617, "passed": true}}}, "check_style_score": "0/1"}