{"version": "1", "message": "ERROR: Hidden Testcases server unreachable.", "problem_id": "ads2_m16_a1_1", "user_id": "venkateshmorishetty", "score": {"sample": {"0": {"execution_time": 0.6038758754730225, "passed": true}, "1": {"execution_time": 0.48993539810180664, "passed": true}, "2": {"execution_time": 1.0154097080230713, "passed": true}, "3": {"execution_time": 1.0264675617218018, "passed": true}, "4": {"execution_time": 1.0428636074066162, "passed": true}, "5": {"execution_time": 0.9122657775878906, "passed": true}, "6": {"execution_time": 1.0811150074005127, "passed": true}, "7": {"execution_time": 1.0425517559051514, "passed": true}, "8": {"execution_time": 0.551591157913208, "passed": true}, "9": {"execution_time": 1.0271384716033936, "passed": true}, "10": {"execution_time": 0.9945926666259766, "passed": true}, "11": {"execution_time": 7.923612594604492, "passed": true}, "12": {"execution_time": 1.0343961715698242, "passed": true}, "13": {"execution_time": 0.42734193801879883, "passed": true}, "14": {"execution_time": 1.041351556777954, "passed": true}, "15": {"execution_time": 1.0633056163787842, "passed": true}, "16": {"execution_time": 0.5236530303955078, "passed": true}, "17": {"execution_time": 0.5163376331329346, "passed": true}, "18": {"execution_time": 0.5161430835723877, "passed": true}, "19": {"execution_time": 0.5533223152160645, "passed": true}, "20": {"execution_time": 0.620309591293335, "passed": true}, "21": {"execution_time": 0.49231410026550293, "passed": true}, "22": {"execution_time": 0.5251915454864502, "passed": true}, "23": {"execution_time": 0.5430231094360352, "passed": true}, "24": {"execution_time": 0.3410487174987793, "passed": true}, "25": {"execution_time": 1.1351494789123535, "passed": true}, "26": {"execution_time": 0.9327006340026855, "passed": true}, "27": {"execution_time": 1.137120246887207, "passed": true}, "28": {"execution_time": 1.2975146770477295, "passed": true}, "29": {"execution_time": 0.4056236743927002, "passed": true}}}, "check_style_score": "0/1"}