{"version": "1", "message": "ERROR: Hidden Testcases server unreachable.", "problem_id": "ads2_m16_a1_1", "user_id": "venkateshmorishetty", "score": {"sample": {"0": {"execution_time": 0.6399362087249756, "passed": true}, "1": {"execution_time": 0.4836459159851074, "passed": true}, "2": {"execution_time": 1.249866008758545, "passed": true}, "3": {"execution_time": 1.0098984241485596, "passed": true}, "4": {"execution_time": 1.0794692039489746, "passed": true}, "5": {"execution_time": 1.158416748046875, "passed": true}, "6": {"execution_time": 1.114197015762329, "passed": true}, "7": {"execution_time": 1.076636791229248, "passed": true}, "8": {"execution_time": 0.5659136772155762, "passed": true}, "9": {"execution_time": 1.071716070175171, "passed": true}, "10": {"execution_time": 1.110318899154663, "passed": true}, "11": {"execution_time": 7.995824813842773, "passed": true}, "12": {"execution_time": 1.1289780139923096, "passed": true}, "13": {"execution_time": 0.4676344394683838, "passed": true}, "14": {"execution_time": 1.0119998455047607, "passed": true}, "15": {"execution_time": 1.090841293334961, "passed": true}, "16": {"execution_time": 0.5393228530883789, "passed": true}, "17": {"execution_time": 0.5173227787017822, "passed": true}, "18": {"execution_time": 0.5692324638366699, "passed": true}, "19": {"execution_time": 0.5556011199951172, "passed": true}, "20": {"execution_time": 0.5844368934631348, "passed": true}, "21": {"execution_time": 0.5773940086364746, "passed": true}, "22": {"execution_time": 0.5616946220397949, "passed": true}, "23": {"execution_time": 0.5306007862091064, "passed": true}, "24": {"execution_time": 0.4735910892486572, "passed": true}, "25": {"execution_time": 1.1127774715423584, "passed": true}, "26": {"execution_time": 1.095463514328003, "passed": true}, "27": {"execution_time": 1.1475207805633545, "passed": true}, "28": {"execution_time": 1.893219232559204, "passed": true}, "29": {"execution_time": 0.635993480682373, "passed": true}}}, "check_style_score": "0/1"}