{"version": "1", "message": "ERROR: Hidden Testcases server unreachable.", "problem_id": "ads2_m16_a1_1", "user_id": "venkateshmorishetty", "score": {"sample": {"0": {"execution_time": 0.2884500026702881, "passed": true}, "1": {"execution_time": 0.27720093727111816, "passed": true}, "2": {"execution_time": 0.5175223350524902, "passed": true}, "3": {"execution_time": 0.5126395225524902, "passed": true}, "4": {"execution_time": 0.5529685020446777, "passed": true}, "5": {"execution_time": 0.5405478477478027, "passed": true}, "6": {"execution_time": 0.5413002967834473, "passed": true}, "7": {"execution_time": 0.557157039642334, "passed": true}, "8": {"execution_time": 0.30771875381469727, "passed": true}, "9": {"execution_time": 0.5401861667633057, "passed": true}, "10": {"execution_time": 0.5247204303741455, "passed": true}, "11": {"execution_time": 3.808410406112671, "passed": true}, "12": {"execution_time": 0.5595026016235352, "passed": true}, "13": {"execution_time": 0.2591230869293213, "passed": true}, "14": {"execution_time": 0.5581445693969727, "passed": true}, "15": {"execution_time": 0.5387094020843506, "passed": true}, "16": {"execution_time": 0.306246280670166, "passed": true}, "17": {"execution_time": 0.3010709285736084, "passed": true}, "18": {"execution_time": 0.31658315658569336, "passed": true}, "19": {"execution_time": 0.3260624408721924, "passed": true}, "20": {"execution_time": 0.3377985954284668, "passed": true}, "21": {"execution_time": 0.3075101375579834, "passed": true}, "22": {"execution_time": 0.30889391899108887, "passed": true}, "23": {"execution_time": 0.29901123046875, "passed": true}, "24": {"execution_time": 0.23451828956604004, "passed": true}, "25": {"execution_time": 0.6026983261108398, "passed": true}, "26": {"execution_time": 0.5089571475982666, "passed": true}, "27": {"execution_time": 0.6178600788116455, "passed": true}, "28": {"execution_time": 0.9463834762573242, "passed": true}, "29": {"execution_time": 0.24354815483093262, "passed": true}}}, "check_style_score": "0/1"}