{"version": "1", "message": "ERROR: Hidden Testcases server unreachable.", "problem_id": "ads2_m16_a1_1", "user_id": "venkateshmorishetty", "score": {"sample": {"0": {"execution_time": 0.4877207279205322, "passed": true}, "1": {"execution_time": 0.44655609130859375, "passed": true}, "2": {"execution_time": 0.805006742477417, "passed": true}, "3": {"execution_time": 0.8999307155609131, "passed": true}, "4": {"execution_time": 1.0694923400878906, "passed": true}, "5": {"execution_time": 1.09255051612854, "passed": true}, "6": {"execution_time": 1.1997787952423096, "passed": true}, "7": {"execution_time": 1.1074650287628174, "passed": true}, "8": {"execution_time": 0.5873215198516846, "passed": true}, "9": {"execution_time": 1.1492443084716797, "passed": true}, "10": {"execution_time": 1.07958984375, "passed": true}, "11": {"execution_time": 8.023462533950806, "passed": true}, "12": {"execution_time": 1.1486976146697998, "passed": true}, "13": {"execution_time": 0.42363572120666504, "passed": true}, "14": {"execution_time": 1.0962183475494385, "passed": true}, "15": {"execution_time": 1.1977076530456543, "passed": true}, "16": {"execution_time": 0.5746080875396729, "passed": true}, "17": {"execution_time": 0.5572147369384766, "passed": true}, "18": {"execution_time": 0.5468697547912598, "passed": true}, "19": {"execution_time": 0.573784589767456, "passed": true}, "20": {"execution_time": 0.6197552680969238, "passed": true}, "21": {"execution_time": 0.5417232513427734, "passed": true}, "22": {"execution_time": 0.5696749687194824, "passed": true}, "23": {"execution_time": 0.5981812477111816, "passed": true}, "24": {"execution_time": 0.4241485595703125, "passed": true}, "25": {"execution_time": 1.2241005897521973, "passed": true}, "26": {"execution_time": 0.9945013523101807, "passed": true}, "27": {"execution_time": 1.2037298679351807, "passed": true}, "28": {"execution_time": 1.9602830410003662, "passed": true}, "29": {"execution_time": 0.4271585941314697, "passed": true}}}, "check_style_score": "0/1"}