{"version": "1", "message": "ERROR: Hidden Testcases server unreachable.", "problem_id": "ads2_m16_a1_1", "user_id": "venkateshmorishetty", "score": {"sample": {"0": {"execution_time": 0.280806303024292, "passed": true}, "1": {"execution_time": 0.29054737091064453, "passed": true}, "2": {"execution_time": 0.5257096290588379, "passed": true}, "3": {"execution_time": 0.5317416191101074, "passed": true}, "4": {"execution_time": 0.573582649230957, "passed": true}, "5": {"execution_time": 0.5213580131530762, "passed": true}, "6": {"execution_time": 0.5634651184082031, "passed": true}, "7": {"execution_time": 0.5628585815429688, "passed": true}, "8": {"execution_time": 0.3414301872253418, "passed": true}, "9": {"execution_time": 0.5584943294525146, "passed": true}, "10": {"execution_time": 0.5424740314483643, "passed": true}, "11": {"execution_time": 3.8602945804595947, "passed": true}, "12": {"execution_time": 0.5670125484466553, "passed": true}, "13": {"execution_time": 0.2340378761291504, "passed": true}, "14": {"execution_time": 0.4951639175415039, "passed": true}, "15": {"execution_time": 0.5347311496734619, "passed": true}, "16": {"execution_time": 0.3012511730194092, "passed": true}, "17": {"execution_time": 0.31615495681762695, "passed": true}, "18": {"execution_time": 0.27339959144592285, "passed": true}, "19": {"execution_time": 0.2929537296295166, "passed": true}, "20": {"execution_time": 0.33248400688171387, "passed": true}, "21": {"execution_time": 0.2831716537475586, "passed": true}, "22": {"execution_time": 0.263751745223999, "passed": true}, "23": {"execution_time": 0.27747607231140137, "passed": true}, "24": {"execution_time": 0.22504711151123047, "passed": true}, "25": {"execution_time": 0.5810611248016357, "passed": true}, "26": {"execution_time": 0.516329288482666, "passed": true}, "27": {"execution_time": 0.5794620513916016, "passed": true}, "28": {"execution_time": 0.8851819038391113, "passed": true}, "29": {"execution_time": 0.2587578296661377, "passed": true}}}, "check_style_score": "0/1"}