{"version": "1", "message": "ERROR: Hidden Testcases server unreachable.", "problem_id": "ads2_m16_a1_1", "user_id": "venkateshmorishetty", "score": {"sample": {"0": {"execution_time": 0.5829424858093262, "passed": true}, "1": {"execution_time": 0.49126553535461426, "passed": true}, "2": {"execution_time": 0.6439528465270996, "passed": true}, "3": {"execution_time": 0.6138026714324951, "passed": true}, "4": {"execution_time": 0.7119553089141846, "passed": true}, "5": {"execution_time": 0.6249327659606934, "passed": true}, "6": {"execution_time": 0.615795373916626, "passed": true}, "7": {"execution_time": 0.6482009887695312, "passed": true}, "8": {"execution_time": 0.5038459300994873, "passed": true}, "9": {"execution_time": 0.6723520755767822, "passed": true}, "10": {"execution_time": 0.6267201900482178, "passed": true}, "11": {"execution_time": 3.915361166000366, "passed": true}, "12": {"execution_time": 0.6168138980865479, "passed": true}, "13": {"execution_time": 0.3392333984375, "passed": true}, "14": {"execution_time": 0.7408971786499023, "passed": true}, "15": {"execution_time": 0.6604070663452148, "passed": true}, "16": {"execution_time": 0.43285059928894043, "passed": true}, "17": {"execution_time": 0.3754842281341553, "passed": true}, "18": {"execution_time": 0.40849781036376953, "passed": true}, "19": {"execution_time": 0.43140387535095215, "passed": true}, "20": {"execution_time": 0.44765758514404297, "passed": true}, "21": {"execution_time": 0.358004093170166, "passed": true}, "22": {"execution_time": 0.34784364700317383, "passed": true}, "23": {"execution_time": 0.39185333251953125, "passed": true}, "24": {"execution_time": 0.3495945930480957, "passed": true}, "25": {"execution_time": 0.6908268928527832, "passed": true}, "26": {"execution_time": 0.6491343975067139, "passed": true}, "27": {"execution_time": 0.7345576286315918, "passed": true}, "28": {"execution_time": 1.1043400764465332, "passed": true}, "29": {"execution_time": 0.4160339832305908, "passed": true}}}, "check_style_score": "0/1"}