{"version": "1", "message": "ERROR: Hidden Testcases server unreachable.", "problem_id": "ads2_m16_a1_1", "user_id": "venkateshmorishetty", "score": {"sample": {"0": {"execution_time": 0.2527587413787842, "passed": true}, "1": {"execution_time": 0.2729756832122803, "passed": true}, "2": {"execution_time": 0.5128052234649658, "passed": true}, "3": {"execution_time": 0.577080488204956, "passed": true}, "4": {"execution_time": 0.5075886249542236, "passed": true}, "5": {"execution_time": 0.5379650592803955, "passed": true}, "6": {"execution_time": 0.5036890506744385, "passed": true}, "7": {"execution_time": 0.5419056415557861, "passed": true}, "8": {"execution_time": 0.27237772941589355, "passed": true}, "9": {"execution_time": 0.5304124355316162, "passed": true}, "10": {"execution_time": 0.4929773807525635, "passed": true}, "11": {"execution_time": 3.8187835216522217, "passed": true}, "12": {"execution_time": 0.5445601940155029, "passed": true}, "13": {"execution_time": 0.24496960639953613, "passed": true}, "14": {"execution_time": 0.5295324325561523, "passed": true}, "15": {"execution_time": 0.5388376712799072, "passed": true}, "16": {"execution_time": 0.2913014888763428, "passed": true}, "17": {"execution_time": 0.3121988773345947, "passed": true}, "18": {"execution_time": 0.2906661033630371, "passed": true}, "19": {"execution_time": 0.35611557960510254, "passed": true}, "20": {"execution_time": 0.3678548336029053, "passed": true}, "21": {"execution_time": 0.30913734436035156, "passed": true}, "22": {"execution_time": 0.26012110710144043, "passed": true}, "23": {"execution_time": 0.29032444953918457, "passed": true}, "24": {"execution_time": 0.22928500175476074, "passed": true}, "25": {"execution_time": 0.5928399562835693, "passed": true}, "26": {"execution_time": 0.5270366668701172, "passed": true}, "27": {"execution_time": 0.587738037109375, "passed": true}, "28": {"execution_time": 0.9159994125366211, "passed": true}, "29": {"execution_time": 0.24285364151000977, "passed": true}}}, "check_style_score": "0/1"}