{"version": "1", "message": "ERROR: Hidden Testcases server unreachable.", "problem_id": "ads2_m6_a1_1", "user_id": "venkateshmorishetty", "score": {"sample": {"0": {"execution_time": 0.21692180633544922, "passed": false}, "1": {"execution_time": 0.21592068672180176, "passed": false}, "2": {"execution_time": 0.24631404876708984, "passed": false}, "3": {"execution_time": 0.2033827304840088, "passed": false}, "4": {"execution_time": 0.25893163681030273, "passed": true}, "5": {"execution_time": 0.21406197547912598, "passed": false}, "6": {"execution_time": 0.24853873252868652, "passed": true}, "7": {"execution_time": 0.25039005279541016, "passed": false}, "8": {"execution_time": 0.2013835906982422, "passed": true}, "9": {"execution_time": 0.24966025352478027, "passed": true}, "10": {"execution_time": 0.2459721565246582, "passed": true}, "11": {"execution_time": 0.24779391288757324, "passed": false}}}, "check_style_score": "0/1"}