{"version": "1", "message": "ERROR: Hidden Testcases server unreachable.", "problem_id": "ads2_m6_a1_1", "user_id": "venkateshmorishetty", "score": {"sample": {"0": {"execution_time": 0.24554157257080078, "passed": false}, "1": {"execution_time": 0.4120328426361084, "passed": false}, "2": {"execution_time": 0.32874250411987305, "passed": false}, "3": {"execution_time": 0.3886597156524658, "passed": false}, "4": {"execution_time": 0.37064194679260254, "passed": false}, "5": {"execution_time": 0.35005927085876465, "passed": true}, "6": {"execution_time": 0.22358918190002441, "passed": true}, "7": {"execution_time": 0.3282487392425537, "passed": false}, "8": {"execution_time": 0.378190279006958, "passed": true}, "9": {"execution_time": 0.4182009696960449, "passed": false}, "10": {"execution_time": 0.3785064220428467, "passed": true}, "11": {"execution_time": 0.41303420066833496, "passed": false}}}, "check_style_score": "0/1"}