{"version": "1", "message": "ERROR: Hidden Testcases server unreachable.", "problem_id": "ads2_m6_a1_1", "user_id": "venkateshmorishetty", "score": {"sample": {"0": {"execution_time": 0.2743995189666748, "passed": false}, "1": {"execution_time": 0.26430678367614746, "passed": false}, "2": {"execution_time": 0.3300001621246338, "passed": false}, "3": {"execution_time": 0.2835266590118408, "passed": false}, "4": {"execution_time": 0.4201328754425049, "passed": true}, "5": {"execution_time": 0.40290117263793945, "passed": false}, "6": {"execution_time": 0.3020751476287842, "passed": true}, "7": {"execution_time": 0.37880897521972656, "passed": false}, "8": {"execution_time": 0.3939859867095947, "passed": true}, "9": {"execution_time": 0.2749922275543213, "passed": true}, "10": {"execution_time": 0.3469388484954834, "passed": true}, "11": {"execution_time": 0.4086167812347412, "passed": false}}}, "check_style_score": "0/1"}