{"version": "1", "message": "ERROR: Hidden Testcases server unreachable.", "problem_id": "ads2_m6_a1_1", "user_id": "venkateshmorishetty", "score": {"sample": {"0": {"execution_time": 0.20523405075073242, "passed": false}, "1": {"execution_time": 0.21953392028808594, "passed": false}, "2": {"execution_time": 0.259610652923584, "passed": false}, "3": {"execution_time": 0.20871734619140625, "passed": false}, "4": {"execution_time": 0.19685053825378418, "passed": false}, "5": {"execution_time": 0.2425217628479004, "passed": true}, "6": {"execution_time": 0.2576711177825928, "passed": true}, "7": {"execution_time": 0.2437906265258789, "passed": false}, "8": {"execution_time": 0.2373673915863037, "passed": true}, "9": {"execution_time": 0.2731034755706787, "passed": false}, "10": {"execution_time": 0.22783112525939941, "passed": true}, "11": {"execution_time": 0.2095928192138672, "passed": false}}}, "check_style_score": "0/1"}