{"version": "1", "message": "ERROR: Hidden Testcases server unreachable.", "problem_id": "ads2_m6_a1_1", "user_id": "venkateshmorishetty", "score": {"sample": {"0": {"execution_time": 0.3925297260284424, "passed": false}, "1": {"execution_time": 0.41109776496887207, "passed": false}, "2": {"execution_time": 0.4344747066497803, "passed": false}, "3": {"execution_time": 0.32172322273254395, "passed": false}, "4": {"execution_time": 0.32784056663513184, "passed": true}, "5": {"execution_time": 0.3496975898742676, "passed": false}, "6": {"execution_time": 0.2767212390899658, "passed": true}, "7": {"execution_time": 0.3990180492401123, "passed": false}, "8": {"execution_time": 0.26635265350341797, "passed": true}, "9": {"execution_time": 0.3277585506439209, "passed": true}, "10": {"execution_time": 0.36900949478149414, "passed": true}, "11": {"execution_time": 0.3484046459197998, "passed": false}}}, "check_style_score": "0/1"}