{"version": "1", "message": "ERROR: Hidden Testcases server unreachable.", "problem_id": "ads2_m6_a1_1", "user_id": "venkateshmorishetty", "score": {"sample": {"0": {"execution_time": 0.25278401374816895, "passed": false}, "1": {"execution_time": 0.20219850540161133, "passed": false}, "2": {"execution_time": 0.2625415325164795, "passed": false}, "3": {"execution_time": 0.24555563926696777, "passed": false}, "4": {"execution_time": 0.22823429107666016, "passed": true}, "5": {"execution_time": 0.2557990550994873, "passed": false}, "6": {"execution_time": 0.19883012771606445, "passed": true}, "7": {"execution_time": 0.22225475311279297, "passed": false}, "8": {"execution_time": 0.23268628120422363, "passed": true}, "9": {"execution_time": 0.21310806274414062, "passed": true}, "10": {"execution_time": 0.1943652629852295, "passed": true}, "11": {"execution_time": 0.20697784423828125, "passed": false}}}, "check_style_score": "0/1"}