{"version": "1", "message": "ERROR: Hidden Testcases server unreachable.", "problem_id": "ads2_m6_a1_1", "user_id": "venkateshmorishetty", "score": {"sample": {"0": {"execution_time": 0.24028682708740234, "passed": false}, "1": {"execution_time": 0.24991965293884277, "passed": false}, "2": {"execution_time": 0.2180330753326416, "passed": false}, "3": {"execution_time": 0.22481226921081543, "passed": false}, "4": {"execution_time": 0.19199490547180176, "passed": false}, "5": {"execution_time": 0.20307374000549316, "passed": true}, "6": {"execution_time": 0.20491480827331543, "passed": true}, "7": {"execution_time": 0.20367980003356934, "passed": false}, "8": {"execution_time": 0.20751357078552246, "passed": true}, "9": {"execution_time": 0.20922422409057617, "passed": false}, "10": {"execution_time": 0.19978642463684082, "passed": true}, "11": {"execution_time": 0.2072300910949707, "passed": false}}}, "check_style_score": "0/1"}