{"version": "1", "message": "ERROR: Hidden Testcases server unreachable.", "problem_id": "ads2_m6_a1_1", "user_id": "venkateshmorishetty", "score": {"sample": {"0": {"execution_time": 0.250962495803833, "passed": false}, "1": {"execution_time": 0.2450869083404541, "passed": false}, "2": {"execution_time": 0.2020878791809082, "passed": false}, "3": {"execution_time": 0.2546803951263428, "passed": false}, "4": {"execution_time": 0.2545287609100342, "passed": true}, "5": {"execution_time": 0.24112462997436523, "passed": false}, "6": {"execution_time": 0.25434160232543945, "passed": true}, "7": {"execution_time": 0.20093035697937012, "passed": false}, "8": {"execution_time": 0.2548251152038574, "passed": true}, "9": {"execution_time": 0.2553422451019287, "passed": true}, "10": {"execution_time": 0.2024095058441162, "passed": true}, "11": {"execution_time": 0.23984313011169434, "passed": false}}}, "check_style_score": "0/1"}