{"version": "1", "message": "ERROR: Hidden Testcases server unreachable.", "problem_id": "ads2_m6_a1_1", "user_id": "venkateshmorishetty", "score": {"sample": {"0": {"execution_time": 0.38732266426086426, "passed": false}, "1": {"execution_time": 0.41792893409729004, "passed": false}, "2": {"execution_time": 0.4513993263244629, "passed": false}, "3": {"execution_time": 0.47156333923339844, "passed": false}, "4": {"execution_time": 0.3361015319824219, "passed": true}, "5": {"execution_time": 0.2965717315673828, "passed": false}, "6": {"execution_time": 0.29421377182006836, "passed": true}, "7": {"execution_time": 0.24135327339172363, "passed": false}, "8": {"execution_time": 0.27320051193237305, "passed": true}, "9": {"execution_time": 0.26763415336608887, "passed": true}, "10": {"execution_time": 0.2692446708679199, "passed": true}, "11": {"execution_time": 0.27426695823669434, "passed": false}}}, "check_style_score": "0/1"}