{"version": "1", "message": "ERROR: Hidden Testcases server unreachable.", "problem_id": "ads2_m6_a1_1", "user_id": "venkateshmorishetty", "score": {"sample": {"0": {"execution_time": 0.32889246940612793, "passed": false}, "1": {"execution_time": 0.36802148818969727, "passed": false}, "2": {"execution_time": 0.3489093780517578, "passed": false}, "3": {"execution_time": 0.3568277359008789, "passed": false}, "4": {"execution_time": 0.36896395683288574, "passed": false}, "5": {"execution_time": 0.427623987197876, "passed": false}, "6": {"execution_time": 0.49105238914489746, "passed": true}, "7": {"execution_time": 0.304823637008667, "passed": false}, "8": {"execution_time": 0.37404608726501465, "passed": true}, "9": {"execution_time": 0.3456611633300781, "passed": false}, "10": {"execution_time": 0.3928415775299072, "passed": true}, "11": {"execution_time": 0.37854909896850586, "passed": false}}}, "check_style_score": "0/1"}