{"version": "1", "message": "ERROR: Hidden Testcases server unreachable.", "problem_id": "ads2_m6_a1_1", "user_id": "venkateshmorishetty", "score": {"sample": {"0": {"execution_time": 0.36832308769226074, "passed": false}, "1": {"execution_time": 0.24847030639648438, "passed": false}, "2": {"execution_time": 0.4003310203552246, "passed": false}, "3": {"execution_time": 0.4619126319885254, "passed": false}, "4": {"execution_time": 0.3899812698364258, "passed": true}, "5": {"execution_time": 0.39951133728027344, "passed": false}, "6": {"execution_time": 0.3261253833770752, "passed": true}, "7": {"execution_time": 0.2826552391052246, "passed": false}, "8": {"execution_time": 0.3193798065185547, "passed": true}, "9": {"execution_time": 0.30757856369018555, "passed": true}, "10": {"execution_time": 0.29711055755615234, "passed": true}, "11": {"execution_time": 0.22391057014465332, "passed": false}}}, "check_style_score": "0/1"}