{"version": "1", "message": "ERROR: Hidden Testcases server unreachable.", "problem_id": "ads2_m6_a1_1", "user_id": "venkateshmorishetty", "score": {"sample": {"0": {"execution_time": 0.31525468826293945, "passed": false}, "1": {"execution_time": 0.20442605018615723, "passed": false}, "2": {"execution_time": 0.25734734535217285, "passed": false}, "3": {"execution_time": 0.2210526466369629, "passed": false}, "4": {"execution_time": 0.2633640766143799, "passed": true}, "5": {"execution_time": 0.24583101272583008, "passed": false}, "6": {"execution_time": 0.22469687461853027, "passed": true}, "7": {"execution_time": 0.21850228309631348, "passed": false}, "8": {"execution_time": 0.1941673755645752, "passed": true}, "9": {"execution_time": 0.25017356872558594, "passed": true}, "10": {"execution_time": 0.26192474365234375, "passed": true}, "11": {"execution_time": 0.2549309730529785, "passed": false}}}, "check_style_score": "0/1"}