{"version": "1", "message": "ERROR: Hidden Testcases server unreachable.", "problem_id": "ads2_m6_a1_1", "user_id": "venkateshmorishetty", "score": {"sample": {"0": {"execution_time": 0.4380970001220703, "passed": false}, "1": {"execution_time": 0.46108508110046387, "passed": false}, "2": {"execution_time": 0.46175265312194824, "passed": false}, "3": {"execution_time": 0.36788010597229004, "passed": false}, "4": {"execution_time": 0.39595746994018555, "passed": false}, "5": {"execution_time": 0.500208854675293, "passed": false}, "6": {"execution_time": 0.45806026458740234, "passed": true}, "7": {"execution_time": 0.4843735694885254, "passed": false}, "8": {"execution_time": 0.4616842269897461, "passed": true}, "9": {"execution_time": 0.476513147354126, "passed": false}, "10": {"execution_time": 0.4326784610748291, "passed": true}, "11": {"execution_time": 0.5099320411682129, "passed": false}}}, "check_style_score": "0/1"}