{"version": "1", "message": "ERROR: Hidden Testcases server unreachable.", "problem_id": "ads2_m6_a1_1", "user_id": "venkateshmorishetty", "score": {"sample": {"0": {"execution_time": 0.36865925788879395, "passed": false}, "1": {"execution_time": 0.30852770805358887, "passed": false}, "2": {"execution_time": 0.3966512680053711, "passed": false}, "3": {"execution_time": 0.3152439594268799, "passed": false}, "4": {"execution_time": 0.4086599349975586, "passed": false}, "5": {"execution_time": 0.357759952545166, "passed": false}, "6": {"execution_time": 0.38019299507141113, "passed": true}, "7": {"execution_time": 0.3890385627746582, "passed": false}, "8": {"execution_time": 0.40659594535827637, "passed": true}, "9": {"execution_time": 0.4489727020263672, "passed": false}, "10": {"execution_time": 0.36049556732177734, "passed": true}, "11": {"execution_time": 0.36202144622802734, "passed": false}}}, "check_style_score": "0/1"}